{"sequence_length_i": 30, "sequence_length_o": 10, "num_instruments": 1, "model_type": "transformer", "n_layers": 2, "n_units": [32, 32], "dropout": [0.1, 0.1], "batch_size": 32, "learning_rate": 0.005, "loss_weights": {"pitch": 1.0, "duration": 1.0, "offset": 1.0, "time_delta": 100.0, "instrument_index": 100.0}, "means": [63.62285545645331, 0.17782379929609451, 248.6633691269403, 6.0933331796249695], "stds": [11.056408106133796, 0.24443537187378953, 158.7943299805071, 45.993179724562]}